asset	estimated_return
MSFT	0.010854180564850869
SPY	0.016532130957011462
AAPL	0.019060972991608523
GOOGL	0.03899012260070224
TSLA	0.04963986709969106
NVDA	0.05553052662457474
