	AAPL	SPY	TSLA	MSFT	NVDA	GOOGL
AAPL	0.0034761641580637365	0.0005419036751481055	0.002558703351367439	6.785838878049102e-05	0.0009110392221126438	0.001285234872958585
SPY	0.0005419036751481055	0.0009743558007741375	0.001705343910098978	0.001291505137721025	0.002470198503051618	0.0005909538064923116
TSLA	0.002558703351367439	0.001705343910098978	0.023768284562446874	0.0029045432479314678	0.0009249251161557677	0.003912160942207421
MSFT	6.785838878049102e-05	0.001291505137721025	0.0029045432479314678	0.003554771915256402	0.004996507581593556	0.0009688285341557943
NVDA	0.0009110392221126438	0.002470198503051618	0.0009249251161557677	0.004996507581593556	0.013647633787492773	0.0007313495536917433
GOOGL	0.001285234872958585	0.0005909538064923116	0.003912160942207421	0.0009688285341557943	0.0007313495536917433	0.006483746965558637
