asset	estimated_return
MSFT	0.010854180309958796
SPY	0.01653213152011447
AAPL	0.01906097561157168
GOOGL	0.03899012425840787
TSLA	0.04963986709969106
NVDA	0.05553052587238088
