	AAPL	SPY	TSLA	MSFT	NVDA	GOOGL
AAPL	0.003476163021425128	0.0005419048209140578	0.0025587037927203753	6.785842918788868e-05	0.0009110389361218854	0.0012852326448578957
SPY	0.0005419048209140578	0.0009743553540657996	0.0017053418442605683	0.0012915045825581909	0.002470196529694851	0.000590952243218944
TSLA	0.0025587037927203753	0.0017053418442605683	0.023768284562446885	0.002904539931338289	0.0009249225417312598	0.003912167271221869
MSFT	6.785842918788868e-05	0.0012915045825581909	0.002904539931338289	0.0035547741899521613	0.004996511607195774	0.0009688278753561185
NVDA	0.0009110389361218854	0.002470196529694851	0.0009249225417312598	0.004996511607195774	0.013647636259451746	0.000731346932590441
GOOGL	0.0012852326448578957	0.000590952243218944	0.003912167271221869	0.0009688278753561185	0.000731346932590441	0.006483749368190045
