state	optimal_action	expected_discomfort
exposed-1	sleep-8	0.7499999999991067
exposed-2	sleep-8	1.4999999999986382
exposed-3	sleep-8	2.999999999997924
recovered	do-nothing	-0.0
symptoms-1	drink-oj	5.999999999996835
symptoms-2	drink-oj	4.499999999999847
symptoms-3	drink-oj	1.4999999999999964
