	AAPL	SPY	TSLA	MSFT	NVDA	GOOGL
AAPL	0.0034761617543120566	0.0005419031127021561	0.002558703279336962	6.78584481944895e-05	0.0009110401504195557	0.001285234120304971
SPY	0.0005419031127021561	0.0009743569566259609	0.0017053441954691943	0.0012915047742265663	0.0024701982775227906	0.0005909546157515756
TSLA	0.002558703279336962	0.0017053441954691943	0.023768284562446874	0.00290454086947126	0.000924924547656464	0.003912161238531349
MSFT	6.78584481944895e-05	0.0012915047742265663	0.00290454086947126	0.0035547715547762254	0.004996507974000153	0.0009688305597253113
NVDA	0.0009110401504195557	0.0024701982775227906	0.000924924547656464	0.004996507974000153	0.013647632058655011	0.0007313524658509544
GOOGL	0.001285234120304971	0.0005909546157515756	0.003912161238531349	0.0009688305597253113	0.0007313524658509544	0.0064837502577450015
